date,fips,10,20,30,40,50,60,70,80,90
2020-05-02,06059,1.0695114135742188,18.077354431152344,10.342140197753906,-3.759063720703125,9.357383728027344,203.40835571289062,10.94500732421875,8.813545227050781,17.408889770507812
2020-05-03,06059,4.8128204345703125,14.397750854492188,18.15557861328125,5.778358459472656,12.680305480957031,291.6620178222656,19.119529724121094,12.878364562988281,16.50128173828125
2020-05-04,06059,5.777252197265625,13.267135620117188,8.366065979003906,18.184104919433594,19.007625579833984,275.0673522949219,19.99233627319336,14.16021728515625,27.250919342041016
2020-05-05,06059,11.240806579589844,-0.0117950439453125,22.866897583007812,12.056343078613281,17.222824096679688,357.8075866699219,27.378280639648438,10.028999328613281,19.536712646484375
2020-05-06,06059,8.904655456542969,15.984237670898438,22.925453186035156,15.648979187011719,23.37883758544922,385.99090576171875,37.3565673828125,15.15374755859375,31.196369171142578
2020-05-07,06059,9.828536987304688,14.17803955078125,28.379070281982422,22.06597137451172,32.842960357666016,427.1805419921875,49.303932189941406,16.49066162109375,23.91677474975586
2020-05-08,06059,11.900657653808594,17.35918426513672,34.22054672241211,20.248382568359375,32.25994873046875,604.9497680664062,55.71369171142578,23.046112060546875,37.13652420043945
2020-05-09,06059,15.765052795410156,16.814537048339844,43.189918518066406,13.939193725585938,32.18419647216797,584.1614379882812,66.7972640991211,19.993228912353516,39.28057098388672
2020-05-10,06059,17.43134307861328,13.420387268066406,44.592594146728516,21.75848388671875,38.7891845703125,742.9268798828125,71.09029388427734,26.961559295654297,39.31047058105469
2020-05-11,06059,16.347763061523438,11.934089660644531,57.18378448486328,24.11540985107422,38.73210525512695,668.5026245117188,92.95244598388672,23.010433197021484,52.5950927734375
2020-05-12,06059,15.606597900390625,28.194664001464844,71.47198486328125,18.676372528076172,41.58977508544922,892.6180419921875,101.96048736572266,24.25094985961914,58.480342864990234
2020-05-13,06059,24.340682983398438,27.870624542236328,87.66124725341797,28.27387237548828,56.270259857177734,852.3568115234375,122.71578979492188,23.349990844726562,52.05691909790039
2020-05-14,06059,22.174495697021484,22.672901153564453,102.43832397460938,18.322315216064453,55.818538665771484,1153.67333984375,138.72122192382812,30.860042572021484,69.06983947753906
2020-05-15,06059,38.668724060058594,22.152599334716797,114.11923217773438,25.625167846679688,61.6042366027832,1025.0616455078125,169.22354125976562,33.36286926269531,70.02233123779297
2020-05-02,06075,0.8663711547851562,26.339130401611328,29.120040893554688,2.7463531494140625,4.4554443359375,4.029197692871094,10.574531555175781,8.8206787109375,2.4732284545898438
2020-05-03,06075,10.327323913574219,20.4058837890625,8.071876525878906,4.235588073730469,14.000595092773438,5.730430603027344,9.32012939453125,10.027885437011719,29.720470428466797
2020-05-04,06075,-0.78033447265625,28.779815673828125,-12.819755554199219,9.361671447753906,14.051185607910156,5.234016418457031,21.914043426513672,9.976692199707031,41.41378402709961
2020-05-05,06075,16.38983154296875,-0.7996673583984375,-11.090339660644531,-1.1699066162109375,6.997955322265625,9.899589538574219,3.737518310546875,13.480453491210938,6.721549987792969
2020-05-06,06075,4.823387145996094,18.419605255126953,-1.0922927856445312,3.3686904907226562,2.1901321411132812,9.8009033203125,18.287330627441406,12.895111083984375,10.371551513671875
2020-05-07,06075,-8.410255432128906,22.145828247070312,-13.593040466308594,2.8488922119140625,16.394393920898438,10.522140502929688,6.6804656982421875,12.30804443359375,14.263603210449219
2020-05-08,06075,17.042518615722656,99.67149353027344,18.077537536621094,9.729454040527344,16.449928283691406,11.613800048828125,-9.3963623046875,18.19310760498047,8.532089233398438
2020-05-09,06075,8.414306640625,-6.494026184082031,-36.31360626220703,3.0279998779296875,6.68292236328125,10.569496154785156,19.102535247802734,14.436119079589844,21.597854614257812
2020-05-10,06075,5.809226989746094,56.487945556640625,-13.598030090332031,13.275985717773438,15.429534912109375,17.7918701171875,31.539833068847656,17.072898864746094,5.722015380859375
2020-05-11,06075,14.179328918457031,-15.974075317382812,-13.728340148925781,8.944358825683594,10.213119506835938,14.65264892578125,29.33342742919922,20.70165252685547,14.087913513183594
2020-05-12,06075,-8.0743408203125,57.38214111328125,3.6515960693359375,11.608879089355469,15.124114990234375,18.753971099853516,3.3667831420898438,24.795196533203125,18.775691986083984
2020-05-13,06075,22.491622924804688,53.65308380126953,-27.715118408203125,27.02743148803711,11.721214294433594,15.552474975585938,-5.671363830566406,27.30788803100586,19.151561737060547
2020-05-14,06075,-0.8179397583007812,93.44136047363281,12.441307067871094,23.332775115966797,9.398605346679688,22.36777114868164,0.43829345703125,27.650714874267578,19.984333038330078
2020-05-15,06075,10.657524108886719,-37.955780029296875,-21.873611450195312,38.809329986572266,10.670265197753906,18.49041748046875,1.33526611328125,30.662654876708984,25.13086700439453
2020-05-02,08031,-5.70904541015625,16.502685546875,4.2979278564453125,11.688117980957031,15.525871276855469,8.879341125488281,16.15039825439453,10.541770935058594,15.977188110351562
2020-05-03,08031,-2.7831344604492188,-1.2384872436523438,9.988182067871094,8.999359130859375,16.079238891601562,21.944469451904297,22.320735931396484,41.05396270751953,22.94629669189453
2020-05-04,08031,1.0200042724609375,40.69169235229492,5.178131103515625,23.102527618408203,21.253253936767578,17.594337463378906,22.961265563964844,48.79345703125,25.740962982177734
2020-05-05,08031,7.88775634765625,-7.45843505859375,14.838005065917969,8.892280578613281,23.841880798339844,31.46727752685547,19.68685531616211,29.37356948852539,29.379547119140625
2020-05-06,08031,7.103080749511719,26.958152770996094,10.302070617675781,13.094657897949219,19.92154312133789,23.980342864990234,28.288429260253906,42.50734329223633,31.198535919189453
2020-05-07,08031,7.182853698730469,9.680656433105469,20.696544647216797,21.94253921508789,34.73224639892578,48.1766357421875,40.21500015258789,53.85970687866211,37.9415397644043
2020-05-08,08031,6.4674835205078125,92.85484313964844,18.581775665283203,28.302520751953125,38.52488327026367,28.534141540527344,40.440711975097656,53.23127746582031,48.856605529785156
2020-05-09,08031,9.977035522460938,19.184268951416016,23.464683532714844,29.600303649902344,41.61419677734375,50.779659271240234,52.28296661376953,80.16510772705078,66.03677368164062
2020-05-10,08031,24.360401153564453,66.51016235351562,26.702259063720703,37.391212463378906,53.44719314575195,48.18799591064453,61.301639556884766,82.56591796875,61.323936462402344
2020-05-11,08031,19.769821166992188,26.324661254882812,29.925426483154297,53.47235107421875,60.365631103515625,60.68940734863281,73.03803253173828,71.48220825195312,70.57299041748047
2020-05-12,08031,11.977691650390625,73.97593688964844,35.75276184082031,57.915672302246094,66.63848876953125,67.84008026123047,61.48692321777344,76.34541320800781,84.47866821289062
2020-05-13,08031,23.78829574584961,97.05950164794922,41.64310073852539,69.15107727050781,64.8828125,79.27188873291016,69.19197082519531,97.62055206298828,108.2214126586914
2020-05-14,08031,15.745033264160156,105.68138122558594,53.835960388183594,55.10377502441406,67.19988250732422,87.49412536621094,78.28447723388672,95.8721694946289,117.16041564941406
2020-05-15,08031,31.360515594482422,40.777732849121094,53.688270568847656,75.27749633789062,83.61322021484375,96.18133544921875,94.60509490966797,129.43194580078125,153.357177734375
2020-05-02,11001,-21.231964111328125,0.8794174194335938,29.483821868896484,11.326583862304688,19.835784912109375,9.761550903320312,7.875335693359375,29.807083129882812,16.9439697265625
2020-05-03,11001,1.9383926391601562,5.1957550048828125,101.04510498046875,13.017608642578125,19.24481201171875,21.92361831665039,36.42856979370117,28.782371520996094,26.139453887939453
2020-05-04,11001,-34.78003692626953,9.638809204101562,-208.13955688476562,19.11685562133789,38.945674896240234,20.034027099609375,21.708595275878906,39.16160583496094,26.84261703491211
2020-05-05,11001,-29.859161376953125,8.918586730957031,179.13916015625,16.209671020507812,35.33652877807617,42.615047454833984,33.89115905761719,46.08244705200195,33.08639907836914
2020-05-06,11001,14.609016418457031,12.106773376464844,160.09036254882812,19.612388610839844,38.16091537475586,20.49081802368164,50.58110046386719,48.97282791137695,31.40868377685547
2020-05-07,11001,-4.345085144042969,18.834922790527344,-15.881591796875,24.752960205078125,58.368675231933594,60.47452926635742,41.106929779052734,40.36848831176758,37.69881820678711
2020-05-08,11001,16.23193359375,24.13698959350586,192.68263244628906,31.976619720458984,58.356117248535156,30.024765014648438,70.1680908203125,67.31396484375,46.53095245361328
2020-05-09,11001,11.453872680664062,28.045360565185547,-17.64826202392578,37.318058013916016,69.72032928466797,58.0096435546875,99.17581939697266,62.526641845703125,66.14009094238281
2020-05-10,11001,5.175804138183594,29.055747985839844,21.5067138671875,46.31008529663086,75.51374053955078,44.48940658569336,80.61338806152344,86.69499206542969,62.817230224609375
2020-05-11,11001,-0.841796875,36.193115234375,102.25592041015625,56.334293365478516,93.47386169433594,67.7033462524414,115.40771484375,108.48448944091797,68.618896484375
2020-05-12,11001,12.594596862792969,50.612640380859375,54.42127990722656,67.98140716552734,104.75006103515625,78.32206726074219,127.04910278320312,114.79725646972656,83.34796142578125
2020-05-13,11001,-0.34510040283203125,57.368186950683594,-179.98550415039062,85.10152435302734,110.84424591064453,90.02317810058594,130.38816833496094,130.82493591308594,107.113525390625
2020-05-14,11001,16.836082458496094,65.25723266601562,329.0408630371094,76.57378387451172,123.32115173339844,98.98541259765625,142.75704956054688,135.3216552734375,112.11908721923828
2020-05-15,11001,49.6370849609375,72.37567901611328,25.412662506103516,94.5427017211914,141.5598602294922,106.01126098632812,168.83694458007812,158.00961303710938,145.43162536621094
2020-05-02,12103,3.2747268676757812,14.82373046875,-1.72528076171875,1.3659210205078125,5.975860595703125,1.8546066284179688,-31.025474548339844,6.1514434814453125,9.147201538085938
2020-05-03,12103,9.814491271972656,13.762794494628906,-1.0329971313476562,4.7313690185546875,6.313667297363281,5.4378204345703125,55.103782653808594,2.935546875,7.379249572753906
2020-05-04,12103,3.339691162109375,-9.156158447265625,-3.4463577270507812,10.317604064941406,3.5993423461914062,0.6456298828125,8.622177124023438,9.336990356445312,10.208183288574219
2020-05-05,12103,17.063034057617188,-24.27410125732422,-0.060516357421875,3.2309722900390625,5.33355712890625,13.660453796386719,-12.037528991699219,16.810592651367188,12.532081604003906
2020-05-06,12103,3.3410720825195312,-10.34979248046875,-3.5678176879882812,4.9979400634765625,8.654556274414062,7.714225769042969,80.1308822631836,11.244712829589844,14.028327941894531
2020-05-07,12103,-3.98297119140625,-0.43296051025390625,4.8413848876953125,11.179695129394531,12.990615844726562,16.723731994628906,-28.88129425048828,8.540008544921875,20.09972381591797
2020-05-08,12103,13.943290710449219,5.666999816894531,1.8098297119140625,8.640975952148438,10.292022705078125,11.824272155761719,24.56325912475586,18.356548309326172,14.486419677734375
2020-05-09,12103,4.4593658447265625,-25.398719787597656,-0.549957275390625,6.3416748046875,10.702934265136719,11.542259216308594,2.61614990234375,9.314262390136719,18.202774047851562
2020-05-10,12103,0.68829345703125,-37.09278869628906,-0.13697052001953125,9.813682556152344,14.228347778320312,14.740890502929688,-7.0731048583984375,10.010726928710938,13.615921020507812
2020-05-11,12103,14.093162536621094,-0.7000732421875,-1.1571197509765625,14.765556335449219,12.508392333984375,13.422706604003906,20.18814468383789,17.301406860351562,22.954654693603516
2020-05-12,12103,-5.2734375,5.3928985595703125,-0.9006881713867188,17.330718994140625,14.819015502929688,13.066062927246094,-33.61328887939453,20.154220581054688,23.051597595214844
2020-05-13,12103,21.700355529785156,-16.815513610839844,0.182037353515625,15.043533325195312,19.447154998779297,15.277114868164062,-14.363456726074219,24.38330078125,25.345905303955078
2020-05-14,12103,0.268157958984375,-18.26172637939453,3.6940841674804688,19.06970977783203,12.650520324707031,18.737197875976562,39.04582214355469,22.73812484741211,21.63913345336914
2020-05-15,12103,9.368087768554688,-40.646942138671875,-5.0878448486328125,19.487010955810547,14.712570190429688,24.232318878173828,-69.3609848022461,22.756698608398438,28.65192413330078
2020-05-02,17031,67.94880676269531,168.37319946289062,326.8793640136719,-138.47640991210938,296.8248291015625,235.55453491210938,352.7101745605469,341.173095703125,372.4369201660156
2020-05-03,17031,28.299530029296875,270.2611083984375,183.5396728515625,513.8259887695312,197.39828491210938,593.4046020507812,311.77374267578125,570.096923828125,1053.7578125
2020-05-04,17031,79.77813720703125,467.5598449707031,159.3408203125,236.64584350585938,408.6227722167969,829.90625,717.4017333984375,443.46240234375,786.3473510742188
2020-05-05,17031,69.32608032226562,381.6056823730469,255.33474731445312,537.3168334960938,257.0535888671875,566.346923828125,898.5559692382812,786.4026489257812,1016.5979614257812
2020-05-06,17031,128.82862854003906,509.912353515625,357.232666015625,768.5645141601562,301.6658020019531,485.68280029296875,1200.2579345703125,920.2494506835938,1661.8433837890625
2020-05-07,17031,129.79446411132812,593.4810791015625,257.1038818359375,1054.9989013671875,500.9764709472656,897.639404296875,1473.7763671875,981.7943725585938,1599.828125
2020-05-08,17031,130.79421997070312,698.2670288085938,490.4316101074219,732.6402587890625,638.3069458007812,1313.57275390625,1561.3531494140625,1104.756103515625,1501.258544921875
2020-05-09,17031,168.27850341796875,690.6312866210938,386.8599853515625,621.2561645507812,473.4787292480469,1264.234375,1643.4969482421875,1202.0067138671875,2208.7939453125
2020-05-10,17031,175.5607452392578,1105.539306640625,466.114990234375,637.8132934570312,573.098876953125,984.8151245117188,1919.2764892578125,1506.1732177734375,1692.825927734375
2020-05-11,17031,198.50558471679688,903.2010498046875,702.6159057617188,216.32705688476562,627.6940307617188,1198.5595703125,2011.89306640625,1385.4644775390625,2436.741455078125
2020-05-12,17031,196.56866455078125,1176.6529541015625,549.5655517578125,873.650634765625,599.844970703125,1572.8681640625,2179.67724609375,1677.006591796875,2108.9189453125
2020-05-13,17031,244.5880126953125,1147.562744140625,612.7418212890625,778.4985961914062,850.8876953125,944.76123046875,2567.68798828125,1935.6539306640625,2383.267333984375
2020-05-14,17031,266.6476745605469,1502.3934326171875,838.0773315429688,1229.1375732421875,987.1072387695312,1343.3609619140625,2741.257080078125,2018.219482421875,2891.725830078125
2020-05-15,17031,331.0551452636719,1198.3587646484375,856.005615234375,1125.230712890625,922.9820556640625,1206.183349609375,2857.449462890625,2015.7034912109375,3118.891357421875
2020-05-02,24510,-26.962387084960938,1.7830352783203125,9.859718322753906,1.9194107055664062,6.0378265380859375,-0.2249755859375,-15.68121337890625,8.760238647460938,22.20075225830078
2020-05-03,24510,17.216751098632812,1.6006927490234375,17.239913940429688,7.286720275878906,5.75811767578125,4.545768737792969,32.56277084350586,18.430438995361328,6.52227783203125
2020-05-04,24510,-31.466995239257812,2.737060546875,-48.88343048095703,4.068946838378906,7.299354553222656,7.428192138671875,-3.1137542724609375,8.144386291503906,0.128631591796875
2020-05-05,24510,-27.13715362548828,0.36771392822265625,50.62908935546875,9.79315185546875,9.638565063476562,5.65936279296875,0.836212158203125,16.04241180419922,14.818611145019531
2020-05-06,24510,-21.364059448242188,4.326080322265625,30.298973083496094,6.860504150390625,18.826663970947266,4.3148040771484375,20.296016693115234,21.20093536376953,26.414588928222656
2020-05-07,24510,9.954765319824219,1.3239212036132812,4.49945068359375,11.337646484375,22.235393524169922,6.57708740234375,-3.2418441772460938,26.619705200195312,19.95751190185547
2020-05-08,24510,-22.530845642089844,5.976020812988281,38.9263801574707,11.46160888671875,17.22705841064453,7.816261291503906,50.19643020629883,34.57813262939453,32.86974334716797
2020-05-09,24510,8.282722473144531,6.90625,-6.434715270996094,15.540229797363281,23.540348052978516,8.385124206542969,51.253082275390625,19.83038330078125,22.00967025756836
2020-05-10,24510,16.204139709472656,6.646202087402344,-6.640960693359375,20.51025390625,31.737224578857422,12.705856323242188,10.387489318847656,38.7702751159668,50.966007232666016
2020-05-11,24510,20.048450469970703,10.307571411132812,43.39693069458008,17.65833282470703,33.55027770996094,10.499847412109375,75.9945068359375,53.360557556152344,60.559478759765625
2020-05-12,24510,14.793815612792969,15.975212097167969,-6.2585601806640625,27.777114868164062,40.140464782714844,15.424797058105469,56.266822814941406,40.28034591674805,67.11309814453125
2020-05-13,24510,25.610137939453125,21.157794952392578,-26.299209594726562,23.021331787109375,41.56166076660156,17.283546447753906,71.23019409179688,64.9709701538086,46.40803146362305
2020-05-14,24510,-3.3944854736328125,21.27535629272461,62.90425109863281,36.77236557006836,43.448394775390625,21.30136489868164,65.66691589355469,48.45051956176758,77.83432006835938
2020-05-15,24510,9.395423889160156,25.595252990722656,18.763206481933594,40.759857177734375,52.459228515625,21.670326232910156,54.12208557128906,63.34335708618164,67.22034454345703
2020-05-02,25025,-16.22185516357422,48.02705383300781,20.443004608154297,8.148956298828125,152.72268676757812,41.16412353515625,83.41693115234375,51.76093292236328,-57.77582550048828
2020-05-03,25025,13.291091918945312,62.486541748046875,68.41737365722656,75.87815856933594,153.9644775390625,92.44540405273438,49.09001159667969,89.9811782836914,-12.736656188964844
2020-05-04,25025,-33.35679626464844,71.49552154541016,-89.82012176513672,64.12566375732422,203.33590698242188,67.30955505371094,112.56273651123047,116.86557006835938,-28.55652618408203
2020-05-05,25025,-19.4866943359375,74.44327545166016,78.97843933105469,124.23091125488281,198.87428283691406,190.93902587890625,63.926353454589844,161.13803100585938,5.404090881347656
2020-05-06,25025,20.576766967773438,50.27191162109375,62.240028381347656,129.14532470703125,152.55648803710938,76.03765869140625,126.15628051757812,155.08734130859375,-19.863243103027344
2020-05-07,25025,8.929779052734375,134.0087432861328,-9.664382934570312,156.51315307617188,292.5172119140625,253.75225830078125,110.47964477539062,167.74105834960938,192.0603790283203
2020-05-08,25025,27.05640411376953,88.818359375,108.6155776977539,140.55743408203125,331.0093078613281,151.60382080078125,231.95193481445312,185.0366973876953,136.35658264160156
2020-05-09,25025,13.896522521972656,150.6572265625,-23.72393035888672,177.08238220214844,352.4474792480469,230.65899658203125,227.40213012695312,261.5296936035156,200.43997192382812
2020-05-10,25025,9.724754333496094,177.22763061523438,44.68257522583008,180.64627075195312,367.46990966796875,133.50794982910156,337.68695068359375,243.53646850585938,33.04811096191406
2020-05-11,25025,8.352081298828125,204.93386840820312,67.52739715576172,148.105224609375,422.84576416015625,302.13348388671875,304.9854431152344,290.3049011230469,215.9677734375
2020-05-12,25025,26.795562744140625,266.1357116699219,27.35456085205078,204.22747802734375,434.32354736328125,251.54965209960938,437.11114501953125,309.4495544433594,183.9022979736328
2020-05-13,25025,7.455787658691406,210.96200561523438,-70.2634048461914,196.75613403320312,564.0221557617188,308.209228515625,400.9749450683594,429.74908447265625,234.48672485351562
2020-05-14,25025,33.02730178833008,279.5638427734375,172.5410614013672,230.87115478515625,593.6150512695312,378.4833679199219,460.9394226074219,370.608154296875,243.40859985351562
2020-05-15,25025,63.09667205810547,293.5791931152344,18.082122802734375,284.5682067871094,603.7093505859375,437.54571533203125,532.6597290039062,443.0697937011719,520.8602905273438
2020-05-02,27123,-0.7116470336914062,2.2503890991210938,-2.2687530517578125,-1.1450424194335938,1.5305633544921875,0.99761962890625,0.4843902587890625,5.486122131347656,3.0930023193359375
2020-05-03,27123,0.9077835083007812,-0.15625762939453125,-3.3204879760742188,2.8584747314453125,1.4357147216796875,3.5145263671875,1.885833740234375,5.526832580566406,4.2404632568359375
2020-05-04,27123,1.1464309692382812,1.1918411254882812,-5.819549560546875,3.09393310546875,3.1249847412109375,6.033531188964844,2.3702163696289062,3.996337890625,9.071685791015625
2020-05-05,27123,2.5110931396484375,-2.6742095947265625,-1.4033660888671875,0.401824951171875,4.117622375488281,8.264114379882812,1.6895904541015625,7.931480407714844,3.4548568725585938
2020-05-06,27123,1.7449874877929688,1.2060394287109375,-1.2447586059570312,-0.8183212280273438,3.7233047485351562,4.6161041259765625,6.030853271484375,6.146385192871094,6.8542022705078125
2020-05-07,27123,0.24704742431640625,-0.5478973388671875,-5.25860595703125,5.1453399658203125,5.8684844970703125,9.921928405761719,2.3062591552734375,5.941383361816406,10.677520751953125
2020-05-08,27123,-0.43726348876953125,4.117156982421875,-2.0079269409179688,2.4123001098632812,4.484062194824219,10.190597534179688,6.8420257568359375,7.395011901855469,7.881591796875
2020-05-09,27123,-1.1850433349609375,1.0198516845703125,-5.679840087890625,1.94146728515625,7.790580749511719,14.875625610351562,3.1244583129882812,10.007164001464844,12.32080078125
2020-05-10,27123,2.8246307373046875,0.106842041015625,-5.863059997558594,-0.5871124267578125,5.742584228515625,20.163162231445312,6.466148376464844,5.620147705078125,10.959922790527344
2020-05-11,27123,1.58306884765625,0.5561141967773438,-6.60150146484375,8.659912109375,6.479583740234375,19.255916595458984,7.342643737792969,10.11883544921875,12.624366760253906
2020-05-12,27123,-0.9052886962890625,2.1856842041015625,-4.15838623046875,3.2311553955078125,8.919998168945312,16.670623779296875,4.669929504394531,14.459075927734375,13.82855224609375
2020-05-13,27123,0.935302734375,5.227081298828125,-8.293869018554688,7.560516357421875,9.261932373046875,24.419052124023438,8.835525512695312,13.238182067871094,17.646316528320312
2020-05-14,27123,-3.62994384765625,3.9507598876953125,1.9283981323242188,12.033599853515625,7.070320129394531,24.82219696044922,6.933837890625,17.20746612548828,14.367767333984375
2020-05-15,27123,5.94268798828125,2.8925628662109375,-2.2374954223632812,14.568679809570312,12.754417419433594,25.925701141357422,5.8180084228515625,20.974517822265625,16.831741333007812
2020-05-02,29510,-3.49981689453125,-0.1628265380859375,10.254005432128906,2.1824951171875,4.3806304931640625,4.4167938232421875,-15.921379089355469,10.038871765136719,24.097938537597656
2020-05-03,29510,5.42193603515625,0.36993408203125,0.3443603515625,5.306663513183594,3.5430908203125,6.2163543701171875,33.97639465332031,17.516708374023438,4.860221862792969
2020-05-04,29510,-2.0767288208007812,3.8005599975585938,-1.1620025634765625,6.1475982666015625,3.7680435180664062,9.436897277832031,-0.7173538208007812,10.1571044921875,7.26416015625
2020-05-05,29510,2.7759857177734375,1.3136062622070312,10.547561645507812,5.530967712402344,6.249244689941406,9.833045959472656,11.019905090332031,16.91387176513672,11.126655578613281
2020-05-06,29510,1.6065673828125,3.8302230834960938,8.161392211914062,5.711647033691406,10.0838623046875,10.992362976074219,26.409141540527344,21.391143798828125,15.046272277832031
2020-05-07,29510,9.324455261230469,4.294166564941406,20.257469177246094,9.786552429199219,10.984115600585938,14.784843444824219,10.606292724609375,23.805213928222656,17.919509887695312
2020-05-08,29510,1.3383255004882812,9.420913696289062,13.964653015136719,9.810844421386719,10.952949523925781,13.346221923828125,47.16102600097656,32.21216583251953,17.968170166015625
2020-05-09,29510,8.269294738769531,6.919715881347656,10.610557556152344,8.509475708007812,11.775566101074219,15.684463500976562,50.545597076416016,20.69095230102539,7.860008239746094
2020-05-10,29510,8.650970458984375,10.600357055664062,4.744300842285156,13.247970581054688,16.467498779296875,19.432498931884766,9.848655700683594,38.110294342041016,23.31427001953125
2020-05-11,29510,8.98394775390625,11.143356323242188,0.8168182373046875,15.249847412109375,17.132476806640625,18.508914947509766,74.463134765625,50.59480285644531,43.94870376586914
2020-05-12,29510,10.820022583007812,18.086875915527344,18.64914321899414,17.01604461669922,24.42315673828125,25.82235336303711,40.31569290161133,41.59820556640625,38.41997146606445
2020-05-13,29510,17.883956909179688,23.327747344970703,7.372833251953125,13.617774963378906,23.728572845458984,22.025821685791016,68.33980560302734,60.511959075927734,16.79932403564453
2020-05-14,29510,12.020370483398438,23.997177124023438,25.673458099365234,25.552322387695312,22.533283233642578,24.206886291503906,55.19959259033203,50.52419662475586,52.13901901245117
2020-05-15,29510,16.799835205078125,27.837726593017578,50.772315979003906,22.60232162475586,26.580493927001953,26.58554458618164,46.7774543762207,64.82369995117188,40.593692779541016
2020-05-02,34003,59.13850402832031,117.02169799804688,283.30401611328125,-38.81205749511719,174.08441162109375,229.76058959960938,315.41302490234375,294.0245361328125,318.56793212890625
2020-05-03,34003,40.1264533996582,193.55059814453125,159.70172119140625,433.6899108886719,149.23248291015625,550.3405151367188,271.24652099609375,545.082275390625,831.311767578125
2020-05-04,34003,87.44168853759766,387.4433898925781,131.54859924316406,164.79827880859375,269.4233703613281,621.9365234375,709.2218627929688,412.70062255859375,705.4554443359375
2020-05-05,34003,83.3648910522461,357.1164245605469,239.6258544921875,477.86297607421875,271.954833984375,616.0197143554688,813.107421875,682.8588256835938,876.048095703125
2020-05-06,34003,146.40213012695312,478.6478271484375,329.598876953125,675.3493041992188,216.4635009765625,465.6275634765625,1123.095703125,798.0983276367188,1356.49951171875
2020-05-07,34003,137.01600646972656,514.072509765625,267.55926513671875,898.8878784179688,384.0290832519531,942.1235961914062,1401.1181640625,860.5852661132812,1301.898681640625
2020-05-08,34003,183.4049072265625,573.7337646484375,465.70330810546875,675.8057250976562,453.65350341796875,1086.0814208984375,1456.2132568359375,963.85791015625,1293.9886474609375
2020-05-09,34003,263.60565185546875,609.2471313476562,368.1993103027344,602.94970703125,411.123779296875,1244.6004638671875,1525.98388671875,1087.814208984375,1803.8658447265625
2020-05-10,34003,252.88909912109375,982.5963134765625,419.8823547363281,644.8276977539062,440.6398010253906,892.398681640625,1783.619140625,1360.63671875,1516.0946044921875
2020-05-11,34003,291.951904296875,799.0277709960938,627.8139038085938,257.7225036621094,511.28961181640625,1309.7860107421875,1910.77392578125,1239.975830078125,2063.480712890625
2020-05-12,34003,290.3614807128906,967.5853881835938,514.3367919921875,892.0968627929688,560.6925048828125,1493.8704833984375,2031.1578369140625,1508.391357421875,1901.3260498046875
2020-05-13,34003,407.2475891113281,1006.1448364257812,562.7892456054688,704.43896484375,674.7001342773438,1178.2315673828125,2406.735595703125,1682.907470703125,2063.2265625
2020-05-14,34003,404.7350158691406,1325.7713623046875,761.4237060546875,1173.375732421875,795.1517944335938,1544.2861328125,2576.35888671875,1772.205322265625,2518.94580078125
2020-05-15,34003,485.06842041015625,1156.7584228515625,779.361328125,1115.7269287109375,816.028076171875,1467.6654052734375,2658.755859375,1815.892578125,2631.10546875
2020-05-02,34013,28.17168426513672,98.26888275146484,277.4076843261719,-24.524818420410156,227.84283447265625,241.74322509765625,298.1156311035156,274.51031494140625,402.2013244628906
2020-05-03,34013,14.593666076660156,158.90219116210938,174.97012329101562,397.67828369140625,204.41793823242188,370.4995422363281,274.03961181640625,465.5072326660156,400.6492919921875
2020-05-04,34013,43.12700653076172,322.9547119140625,136.41763305664062,176.46298217773438,308.08123779296875,310.0242004394531,560.95556640625,370.79681396484375,556.6091918945312
2020-05-05,34013,32.69163131713867,276.6373596191406,253.67974853515625,436.66778564453125,296.0379638671875,578.370849609375,747.1575317382812,621.752197265625,593.0082397460938
2020-05-06,34013,64.30897521972656,364.24615478515625,320.8414611816406,614.1994018554688,336.67694091796875,546.2120971679688,953.4182739257812,733.138427734375,506.3619384765625
2020-05-07,34013,67.481201171875,420.4720764160156,234.6336669921875,827.853759765625,489.171142578125,727.2627563476562,1141.606689453125,799.568359375,930.9334716796875
2020-05-08,34013,74.79686737060547,458.8849182128906,484.6602478027344,622.90185546875,512.4715576171875,742.3115844726562,1238.9375,913.460205078125,1062.51611328125
2020-05-09,34013,115.111328125,503.66455078125,361.33074951171875,549.8270263671875,552.0499267578125,936.3675537109375,1333.2783203125,962.6126098632812,1303.1932373046875
2020-05-10,34013,124.57662200927734,784.56494140625,419.7957458496094,584.9141845703125,567.4331665039062,842.4646606445312,1542.496337890625,1243.8486328125,982.2315673828125
2020-05-11,34013,131.8763427734375,626.2257080078125,608.7333374023438,267.8383483886719,695.0626220703125,1188.02734375,1617.377685546875,1152.6715087890625,1424.8204345703125
2020-05-12,34013,130.5044708251953,786.0250244140625,529.7986450195312,801.3646240234375,702.5420532226562,1222.6256103515625,1783.4849853515625,1376.1226806640625,1312.1982421875
2020-05-13,34013,152.32986450195312,813.0594482421875,557.37841796875,674.3681030273438,814.0556030273438,1162.0631103515625,2100.02490234375,1543.8680419921875,1522.5823974609375
2020-05-14,34013,181.9090576171875,1059.0244140625,782.9676513671875,1058.5257568359375,915.7742919921875,1452.078125,2209.56494140625,1620.363037109375,1852.181884765625
2020-05-15,34013,238.64584350585938,932.4047241210938,792.8184814453125,1009.9161987304688,988.7155151367188,1410.0936279296875,2321.863525390625,1659.6572265625,2255.536376953125
2020-05-02,34017,8.083335876464844,71.13287353515625,139.16453552246094,4.4864959716796875,190.66012573242188,136.73272705078125,205.6746368408203,103.7129898071289,156.06427001953125
2020-05-03,34017,-5.8777923583984375,128.92953491210938,160.751220703125,265.7881164550781,199.51031494140625,334.00213623046875,256.19281005859375,171.24386596679688,259.25299072265625
2020-05-04,34017,24.222843170166016,234.09939575195312,185.13803100585938,211.62158203125,274.38568115234375,150.67555236816406,317.5350341796875,212.90689086914062,354.40093994140625
2020-05-05,34017,16.903762817382812,185.35421752929688,245.54376220703125,364.8125,244.80181884765625,464.1666259765625,447.0177917480469,334.3141174316406,456.3544006347656
2020-05-06,34017,22.121925354003906,233.68478393554688,234.470458984375,437.12646484375,263.4693908691406,258.3938903808594,521.7789306640625,244.52664184570312,497.0604553222656
2020-05-07,34017,33.792388916015625,293.5003967285156,149.40768432617188,530.1947021484375,423.3954772949219,502.6224670410156,587.9341430664062,251.99172973632812,563.25732421875
2020-05-08,34017,38.53840637207031,291.5733642578125,383.4193420410156,433.49273681640625,447.0286560058594,468.4572448730469,684.9278564453125,266.9845886230469,708.1343994140625
2020-05-09,34017,43.37883377075195,349.0389709472656,300.27392578125,438.87109375,479.2960510253906,638.66748046875,735.8818359375,481.506591796875,748.5082397460938
2020-05-10,34017,59.24797058105469,517.0216674804688,384.8127136230469,447.8527526855469,449.39886474609375,475.02239990234375,881.7457275390625,404.22412109375,783.2313232421875
2020-05-11,34017,58.142295837402344,440.9766540527344,488.45989990234375,384.1537170410156,549.5951538085938,805.6350708007812,920.0726928710938,491.8825378417969,870.4741821289062
2020-05-12,34017,65.65309143066406,566.7963256835938,439.072998046875,455.4356689453125,515.0985717773438,773.668212890625,1041.0130615234375,495.453857421875,937.9365844726562
2020-05-13,34017,74.01026916503906,551.5692138671875,473.09210205078125,505.9515075683594,716.3701782226562,771.2760009765625,1166.9359130859375,757.9566650390625,1069.518310546875
2020-05-14,34017,104.67645263671875,729.2770385742188,711.81640625,642.279541015625,660.7747192382812,959.3016967773438,1240.50146484375,610.6939697265625,1180.235107421875
2020-05-15,34017,116.05911254882812,630.12646484375,712.0152587890625,645.7276000976562,689.60009765625,1016.7734985351562,1365.957275390625,763.4945678710938,1235.17578125
2020-05-02,34039,27.89712142944336,89.67133331298828,222.83547973632812,1.9683990478515625,201.97251892089844,209.14822387695312,240.24795532226562,211.58148193359375,332.74169921875
2020-05-03,34039,23.655975341796875,148.0799560546875,139.33285522460938,287.5173034667969,180.7117919921875,377.96771240234375,230.41253662109375,358.6440734863281,329.35174560546875
2020-05-04,34039,49.86466598510742,298.0401611328125,105.58943176269531,148.190185546875,266.1916809082031,243.5601806640625,481.0354309082031,350.3386535644531,443.4858093261719
2020-05-05,34039,46.60161209106445,247.02178955078125,215.9625244140625,345.32904052734375,235.2391357421875,559.4444580078125,625.9944458007812,477.8084411621094,469.04315185546875
2020-05-06,34039,92.90065002441406,324.3135681152344,263.1289978027344,447.8519592285156,257.2538757324219,523.9421997070312,809.686279296875,607.9111938476562,420.7084655761719
2020-05-07,34039,87.58747100830078,379.5264892578125,200.52215576171875,570.5272827148438,387.3475036621094,670.4254760742188,960.2450561523438,636.9768676757812,779.6774291992188
2020-05-08,34039,112.58832550048828,402.9798278808594,392.79681396484375,455.3836364746094,439.08013916015625,689.8349609375,1052.4871826171875,733.320556640625,875.1389770507812
2020-05-09,34039,178.32791137695312,455.7527160644531,291.3141174316406,451.8983154296875,439.70654296875,889.7661743164062,1144.08642578125,771.37548828125,1091.897705078125
2020-05-10,34039,185.31170654296875,704.483154296875,332.8268127441406,472.0108947753906,492.8160400390625,839.44580078125,1311.6458740234375,1016.7968139648438,791.611328125
2020-05-11,34039,202.77011108398438,570.5761108398438,489.5002136230469,259.0855712890625,559.7809448242188,1148.5255126953125,1404.7364501953125,946.6553955078125,1197.19091796875
2020-05-12,34039,198.41717529296875,715.6949462890625,415.0239562988281,566.27197265625,591.5051879882812,1201.9888916015625,1515.4267578125,1172.501953125,1068.5108642578125
2020-05-13,34039,257.7074890136719,724.8814697265625,435.79718017578125,464.24554443359375,695.3334350585938,1200.3619384765625,1778.2515869140625,1156.1181640625,1245.1697998046875
2020-05-14,34039,274.5733642578125,957.7295532226562,619.5477294921875,721.4860229492188,773.0001831054688,1428.2159423828125,1878.794189453125,1307.1575927734375,1534.1641845703125
2020-05-15,34039,345.78656005859375,848.1102294921875,629.2286987304688,744.12841796875,805.74658203125,1401.6766357421875,1991.871337890625,1394.64453125,1895.082275390625
2020-05-02,36005,-31.02532196044922,-3.0270767211914062,42.91383743286133,-13.913261413574219,15.909080505371094,-6.149421691894531,0.709075927734375,7.098793029785156,6.277137756347656
2020-05-03,36005,6.689231872558594,-0.2580108642578125,109.4310302734375,6.255859375,11.574005126953125,2.0560989379882812,1.2809524536132812,1.3159866333007812,2.2223663330078125
2020-05-04,36005,-34.77892303466797,-1.895843505859375,-275.80047607421875,1.26470947265625,0.12665557861328125,3.8164138793945312,1.441650390625,1.491363525390625,10.346633911132812
2020-05-05,36005,-28.131080627441406,-3.4269638061523438,226.665283203125,1.5046005249023438,13.001426696777344,-15.316856384277344,-0.330841064453125,7.609626770019531,11.243057250976562
2020-05-06,36005,-32.90599060058594,-0.7109603881835938,200.2917938232422,-10.952239990234375,-19.443008422851562,1.0561904907226562,3.6878890991210938,3.6334991455078125,7.034324645996094
2020-05-07,36005,-1.3032073974609375,-2.58502197265625,-30.231422424316406,-0.09600067138671875,-7.415672302246094,6.760124206542969,1.7758712768554688,6.330474853515625,4.1890106201171875
2020-05-08,36005,-21.927947998046875,-2.484710693359375,219.89044189453125,-12.13580322265625,-22.429771423339844,6.3061065673828125,2.72125244140625,0.0198974609375,7.40283203125
2020-05-09,36005,8.885986328125,-5.1705780029296875,-43.023468017578125,-11.096916198730469,-25.618309020996094,14.355712890625,0.860015869140625,11.955001831054688,8.071128845214844
2020-05-10,36005,6.208183288574219,-1.300872802734375,20.20888900756836,-4.710845947265625,5.315879821777344,23.97295379638672,2.5843887329101562,3.459075927734375,11.189552307128906
2020-05-11,36005,0.27248382568359375,-1.101226806640625,149.45852661132812,-16.29865264892578,-0.6385650634765625,4.5555572509765625,5.34320068359375,1.7035369873046875,6.947990417480469
2020-05-12,36005,1.35052490234375,2.0033645629882812,77.34331512451172,-4.8246612548828125,-13.763908386230469,-12.176483154296875,2.4565811157226562,4.6392059326171875,10.428070068359375
2020-05-13,36005,12.115028381347656,3.18927001953125,-212.18167114257812,-6.9228363037109375,4.747169494628906,-11.617462158203125,6.338836669921875,6.498481750488281,11.973670959472656
2020-05-14,36005,-9.032516479492188,-3.3290023803710938,408.0035705566406,-3.8590621948242188,-1.6975021362304688,-18.411163330078125,4.959014892578125,6.463050842285156,10.77032470703125
2020-05-15,36005,2.689239501953125,-9.400642395019531,7.156005859375,15.368019104003906,-16.635902404785156,3.421966552734375,6.070854187011719,17.25147247314453,15.560554504394531
2020-05-02,36047,-3.371612548828125,-2.4057846069335938,36.851253509521484,-8.173805236816406,15.247589111328125,-4.288841247558594,2.1873016357421875,7.2442474365234375,6.892707824707031
2020-05-03,36047,0.04613494873046875,-0.5405731201171875,90.86448669433594,3.2904586791992188,10.299179077148438,1.299652099609375,3.3344802856445312,1.4915084838867188,2.7118911743164062
2020-05-04,36047,-0.649444580078125,-2.6169204711914062,-246.41119384765625,2.7614288330078125,1.3105850219726562,2.3328704833984375,0.6842803955078125,1.588165283203125,11.636886596679688
2020-05-05,36047,2.1650390625,-2.8631515502929688,200.45516967773438,-0.02667999267578125,13.381072998046875,-11.247238159179688,-0.22689056396484375,7.874717712402344,12.142936706542969
2020-05-06,36047,-1.5004425048828125,-1.4875106811523438,183.1011505126953,-6.466560363769531,-15.99969482421875,1.19696044921875,1.7533493041992188,3.670074462890625,6.770225524902344
2020-05-07,36047,-2.6968231201171875,-2.0636825561523438,-27.734634399414062,1.6464309692382812,-7.532737731933594,5.408210754394531,2.7855377197265625,6.291893005371094,3.68231201171875
2020-05-08,36047,-1.2512130737304688,-2.3437576293945312,199.23422241210938,-7.5233001708984375,-20.061195373535156,4.595252990722656,2.7563018798828125,0.044830322265625,7.735191345214844
2020-05-09,36047,-3.7748489379882812,-4.5286102294921875,-34.646690368652344,-8.630584716796875,-24.09082794189453,10.62530517578125,0.6997833251953125,12.064285278320312,7.85772705078125
2020-05-10,36047,-3.6676101684570312,-1.817413330078125,18.214683532714844,-5.754081726074219,4.4958953857421875,18.231369018554688,2.2945175170898438,3.4314193725585938,10.297027587890625
2020-05-11,36047,-4.073486328125,-1.8021621704101562,118.84115600585938,-8.599555969238281,-1.8026657104492188,3.7694320678710938,4.805702209472656,1.7043685913085938,6.158294677734375
2020-05-12,36047,-3.2578582763671875,0.7135086059570312,62.57402038574219,-2.5718536376953125,-13.859916687011719,-8.904281616210938,2.6444473266601562,4.743690490722656,9.695899963378906
2020-05-13,36047,-0.16786956787109375,2.3100814819335938,-199.09259033203125,-1.4769515991210938,3.2406082153320312,-7.31060791015625,6.0742950439453125,6.599311828613281,11.212242126464844
2020-05-14,36047,-6.9497222900390625,-3.0863571166992188,362.1101379394531,0.6920928955078125,-2.214385986328125,-12.760917663574219,4.597190856933594,6.34674072265625,10.623802185058594
2020-05-15,36047,-4.506256103515625,-8.280784606933594,5.836639404296875,4.883949279785156,-15.231468200683594,3.6428680419921875,6.010002136230469,17.2821044921875,15.738273620605469
2020-05-02,36059,15.884269714355469,197.36654663085938,336.7313232421875,-42.662620544433594,238.24386596679688,545.0814819335938,494.8522033691406,377.153076171875,470.6351318359375
2020-05-03,36059,-21.779335021972656,298.6711730957031,151.845703125,412.7655334472656,315.84417724609375,577.908203125,341.6092224121094,721.5255737304688,1261.99853515625
2020-05-04,36059,20.198787689208984,494.02362060546875,157.22512817382812,112.33858489990234,416.8840026855469,617.616943359375,962.45703125,503.9174499511719,864.1307373046875
2020-05-05,36059,-2.7333831787109375,421.2156066894531,225.09561157226562,478.5782165527344,474.9198303222656,1062.5648193359375,1027.9388427734375,894.6710815429688,1079.4364013671875
2020-05-06,36059,8.165084838867188,571.0413818359375,341.7199401855469,642.2803955078125,692.6719360351562,893.5072021484375,1439.825439453125,1041.441650390625,1737.7247314453125
2020-05-07,36059,13.971298217773438,649.3699951171875,239.47006225585938,845.4464721679688,914.9967651367188,1405.301513671875,1899.5733642578125,1127.116943359375,2114.47216796875
2020-05-08,36059,18.946285247802734,795.1788940429688,421.755126953125,626.9382934570312,730.7211303710938,1400.960205078125,1850.5543212890625,1231.4752197265625,1669.4921875
2020-05-09,36059,-1.7273406982421875,759.00537109375,340.4344177246094,641.8732299804688,875.2246704101562,1751.4136962890625,1949.1712646484375,1431.5247802734375,2542.545654296875
2020-05-10,36059,37.842506408691406,1214.8048095703125,476.0541076660156,662.2808837890625,690.3016357421875,1537.5628662109375,2322.18017578125,1744.322021484375,1688.778564453125
2020-05-11,36059,13.301910400390625,1019.1946411132812,718.3582763671875,218.61105346679688,1082.195068359375,2063.829833984375,2384.96484375,1572.9803466796875,2977.16064453125
2020-05-12,36059,31.003173828125,1313.11865234375,522.4711303710938,920.9406127929688,829.1865234375,2232.270263671875,2678.507568359375,1918.001953125,2245.02001953125
2020-05-13,36059,33.30396270751953,1284.556640625,615.3106079101562,662.7363891601562,1165.64404296875,1944.6051025390625,3148.431884765625,2244.2763671875,2714.57958984375
2020-05-14,36059,53.22452926635742,1668.9234619140625,800.1876831054688,1144.6705322265625,1003.6467895507812,2405.7119140625,3344.101806640625,2312.304443359375,3335.85400390625
2020-05-15,36059,34.9776611328125,1318.09033203125,826.9058837890625,1151.2413330078125,1194.4263916015625,2403.2041015625,3360.646728515625,2298.726806640625,3919.5634765625
2020-05-02,36061,-17.43993377685547,-8.639991760253906,1.6666183471679688,0.01955413818359375,15.735725402832031,3.8377227783203125,0.6994857788085938,7.8913116455078125,6.489418029785156
2020-05-03,36061,-20.225479125976562,2.8437957763671875,-2.0137481689453125,1.473968505859375,10.067817687988281,1.3364334106445312,1.6052627563476562,-0.24904632568359375,0.6712493896484375
2020-05-04,36061,-10.344413757324219,-10.876495361328125,-8.75799560546875,5.185050964355469,1.389617919921875,1.0419082641601562,1.3628387451171875,0.735595703125,10.756210327148438
2020-05-05,36061,-17.098190307617188,2.91015625,-8.726303100585938,-2.8683853149414062,12.780136108398438,5.5974273681640625,0.24123382568359375,7.575279235839844,12.202850341796875
2020-05-06,36061,-1.3615798950195312,6.715202331542969,-14.74151611328125,-2.4144668579101562,-15.475761413574219,3.7227935791015625,3.155029296875,2.6260223388671875,5.346351623535156
2020-05-07,36061,-3.1881256103515625,5.8787994384765625,-12.322929382324219,0.2074127197265625,-6.556861877441406,8.048820495605469,2.538818359375,7.217582702636719,4.434547424316406
2020-05-08,36061,-7.6913909912109375,5.126457214355469,3.6862335205078125,-0.41303253173828125,-20.907546997070312,4.470573425292969,3.1532440185546875,0.02259063720703125,9.049476623535156
2020-05-09,36061,-5.0138397216796875,0.7636260986328125,-8.095695495605469,-3.4314346313476562,-25.277664184570312,5.188484191894531,1.5472335815429688,13.966400146484375,10.592536926269531
2020-05-10,36061,-10.575080871582031,-4.309417724609375,-10.35919189453125,-2.1405105590820312,3.8151321411132812,8.272315979003906,2.6954116821289062,4.271903991699219,9.058784484863281
2020-05-11,36061,-7.911811828613281,-1.3195877075195312,-7.396980285644531,3.4603652954101562,-0.8747711181640625,4.487541198730469,6.167579650878906,-0.48381805419921875,5.578338623046875
2020-05-12,36061,-5.861610412597656,-4.2530975341796875,-2.779571533203125,0.17974090576171875,-13.461235046386719,4.306922912597656,3.922454833984375,3.509521484375,8.032363891601562
2020-05-13,36061,-11.339309692382812,-10.335990905761719,-26.874610900878906,5.5725860595703125,3.4185409545898438,-4.285331726074219,7.5876922607421875,5.6754302978515625,11.427726745605469
2020-05-14,36061,-7.806427001953125,-0.9828948974609375,-7.916053771972656,6.24176025390625,-2.3754043579101562,11.693672180175781,8.626846313476562,6.4799041748046875,8.583686828613281
2020-05-15,36061,-13.878074645996094,-15.464469909667969,-5.261528015136719,3.7704391479492188,-15.963264465332031,7.130561828613281,8.826530456542969,19.210308074951172,16.003013610839844
2020-05-02,36081,-4.597801208496094,-1.2186126708984375,24.44571304321289,-0.6007308959960938,-0.881195068359375,-2.5800247192382812,2.1194839477539062,3.6187210083007812,6.1866455078125
2020-05-03,36081,0.7467880249023438,-4.9117279052734375,-31.688133239746094,-1.9144210815429688,-0.181976318359375,0.3564453125,3.3214645385742188,3.5084991455078125,2.9299774169921875
2020-05-04,36081,-1.5901336669921875,-2.8682174682617188,-36.26355743408203,0.5611114501953125,0.15991973876953125,-3.75909423828125,1.1136016845703125,2.5032806396484375,10.871574401855469
2020-05-05,36081,-0.6897659301757812,-1.882965087890625,-4.53887939453125,-8.652717590332031,2.3050003051757812,0.9829635620117188,0.27999114990234375,4.2075042724609375,10.133468627929688
2020-05-06,36081,-2.146697998046875,-1.385589599609375,-12.866653442382812,2.709747314453125,0.6450347900390625,10.351646423339844,2.4193649291992188,4.101722717285156,8.049652099609375
2020-05-07,36081,-3.2244186401367188,-2.4061203002929688,13.7156982421875,-3.73638916015625,3.1032485961914062,11.722648620605469,3.0153884887695312,3.9299774169921875,2.32098388671875
2020-05-08,36081,-5.074836730957031,0.1714630126953125,37.05964279174805,6.3785247802734375,0.8373184204101562,-1.6838836669921875,2.9939041137695312,3.0634307861328125,6.6274261474609375
2020-05-09,36081,-4.131195068359375,-4.709754943847656,-15.766304016113281,-4.442352294921875,1.250732421875,4.660331726074219,0.6701431274414062,6.39044189453125,7.4887237548828125
2020-05-10,36081,-4.215339660644531,-2.904388427734375,-45.04754638671875,-1.1315765380859375,1.4388580322265625,2.7211990356445312,2.2582244873046875,3.9078598022460938,13.157379150390625
2020-05-11,36081,-3.2945098876953125,-4.159584045410156,-10.983688354492188,7.4226226806640625,1.7973403930664062,7.092674255371094,4.8090972900390625,5.601737976074219,7.824409484863281
2020-05-12,36081,-4.9774017333984375,-3.5682601928710938,-26.640953063964844,0.919464111328125,2.3693389892578125,10.979034423828125,2.86114501953125,6.10882568359375,12.203788757324219
2020-05-13,36081,-5.000205993652344,-0.35218048095703125,-3.8273391723632812,4.596183776855469,1.570281982421875,8.599372863769531,6.580039978027344,8.665779113769531,13.364730834960938
2020-05-14,36081,-5.9041595458984375,-3.6264495849609375,-8.250984191894531,13.180702209472656,1.731201171875,2.0917739868164062,4.411376953125,8.332000732421875,13.301765441894531
2020-05-15,36081,-4.978538513183594,-3.0234527587890625,-43.195587158203125,0.598541259765625,3.6741104125976562,3.5694656372070312,5.941307067871094,9.530891418457031,15.715103149414062
2020-05-02,36085,-2.2412109375,-5.445587158203125,16.36919403076172,-2.17584228515625,-0.47344970703125,-8.676254272460938,-27.61902618408203,3.746185302734375,7.070655822753906
2020-05-03,36085,-1.3736495971679688,-8.6024169921875,-33.54560852050781,-0.7689208984375,0.29967498779296875,-0.25957489013671875,62.530517578125,3.8029861450195312,2.1148223876953125
2020-05-04,36085,-0.9594345092773438,-3.2759857177734375,-23.312088012695312,0.9135971069335938,0.1080474853515625,-1.1932220458984375,10.172409057617188,2.9707412719726562,11.936759948730469
2020-05-05,36085,0.395233154296875,-3.249237060546875,-6.629020690917969,-2.5853195190429688,1.648651123046875,-4.661773681640625,-18.420669555664062,4.334754943847656,10.504638671875
2020-05-06,36085,-1.7954483032226562,0.18454742431640625,2.7498321533203125,-1.656219482421875,0.23845672607421875,10.101600646972656,81.50809478759766,4.160491943359375,9.17327880859375
2020-05-07,36085,-0.4634246826171875,-2.6383132934570312,24.248889923095703,1.5347061157226562,2.859588623046875,17.882347106933594,-41.775535583496094,3.5901718139648438,2.494903564453125
2020-05-08,36085,-2.9906845092773438,2.4635162353515625,47.84978103637695,0.5841217041015625,1.8242340087890625,-13.665802001953125,9.020660400390625,3.3983840942382812,7.5389251708984375
2020-05-09,36085,-4.396522521972656,-5.649200439453125,-9.306434631347656,-5.997222900390625,2.15863037109375,6.998626708984375,4.731536865234375,6.64404296875,8.518013000488281
2020-05-10,36085,-1.8203811645507812,0.7847442626953125,-30.85174560546875,-4.442909240722656,2.1290664672851562,2.454315185546875,-26.69806671142578,4.601661682128906,15.491806030273438
2020-05-11,36085,-3.0354690551757812,-7.3952484130859375,-3.2785720825195312,-3.26544189453125,2.9171829223632812,18.1243896484375,13.010307312011719,6.335182189941406,8.703781127929688
2020-05-12,36085,-4.176612854003906,-2.9960174560546875,-14.541183471679688,-2.720306396484375,4.095649719238281,6.308204650878906,-37.08563232421875,6.9549560546875,15.328414916992188
2020-05-13,36085,-5.627471923828125,-5.009910583496094,14.876930236816406,-0.6505661010742188,3.3710708618164062,9.428932189941406,-21.25214385986328,7.404212951660156,17.184783935546875
2020-05-14,36085,-4.89111328125,-3.3514251708984375,-7.5761871337890625,6.434791564941406,2.1582489013671875,15.122337341308594,36.41762924194336,7.7125701904296875,15.201828002929688
2020-05-15,36085,-4.6847076416015625,-3.8003692626953125,-37.967010498046875,-2.0952835083007812,7.048683166503906,10.926872253417969,-87.3808822631836,9.629402160644531,16.848907470703125
2020-05-02,42101,-0.0978240966796875,75.5645980834961,27.445594787597656,19.496253967285156,159.7788848876953,66.39926147460938,22.116397857666016,132.79232788085938,215.78988647460938
2020-05-03,42101,12.403022766113281,104.99620056152344,83.0998764038086,136.5537567138672,180.4173583984375,111.6422348022461,103.29721069335938,200.76400756835938,537.6727294921875
2020-05-04,42101,-3.4728775024414062,153.20700073242188,-130.70822143554688,113.04408264160156,224.21249389648438,132.64895629882812,68.61192321777344,226.28680419921875,523.7632446289062
2020-05-05,42101,-19.15428924560547,131.13851928710938,109.3298110961914,179.8354034423828,172.03546142578125,227.82119750976562,37.14537811279297,252.95455932617188,637.4353637695312
2020-05-06,42101,-6.6868896484375,135.02818298339844,82.74501037597656,239.92599487304688,231.77529907226562,129.70956420898438,142.21377563476562,405.3395690917969,968.1246948242188
2020-05-07,42101,24.185375213623047,215.56814575195312,-33.55821228027344,292.8626403808594,285.4272155761719,331.4916687011719,206.52490234375,457.14678955078125,662.52783203125
2020-05-08,42101,12.699859619140625,242.22015380859375,120.6609115600586,268.3757019042969,428.001708984375,230.1629638671875,304.5941467285156,507.2904968261719,936.0604248046875
2020-05-09,42101,19.956653594970703,304.3830261230469,-35.452186584472656,254.13751220703125,399.1728820800781,320.26898193359375,312.4137878417969,493.7374572753906,1163.2247314453125
2020-05-10,42101,37.75835037231445,375.127685546875,59.21467208862305,283.68792724609375,497.3863830566406,192.0251922607422,351.3898010253906,685.33935546875,1197.278564453125
2020-05-11,42101,65.14453125,353.97540283203125,123.24928283691406,229.80282592773438,527.6591796875,396.01654052734375,339.27117919921875,661.1754150390625,1289.92333984375
2020-05-12,42101,27.426311492919922,467.7193908691406,53.64861297607422,343.3623046875,572.6531982421875,330.2164001464844,460.5372314453125,793.4276733398438,1353.5621337890625
2020-05-13,42101,46.979244232177734,444.8633728027344,-63.73882293701172,323.93841552734375,652.747802734375,345.6239013671875,403.0860595703125,767.5542602539062,1522.7772216796875
2020-05-14,42101,64.84297180175781,577.708984375,228.4031982421875,421.4570617675781,769.3037109375,474.37060546875,511.0830078125,910.1253051757812,1663.0322265625
2020-05-15,42101,59.56420135498047,518.7434692382812,7.1945648193359375,428.9109802246094,761.2559204101562,520.3901977539062,560.7339477539062,938.4758911132812,1684.1507568359375
2020-05-02,51013,-18.163902282714844,8.36688232421875,-2.8779525756835938,-1.3607101440429688,-1.0831680297851562,-2.06329345703125,3.2221603393554688,-6.4471588134765625,3.9167861938476562
2020-05-03,51013,-18.641799926757812,4.363822937011719,0.7657852172851562,4.268562316894531,10.975273132324219,0.8116531372070312,3.9194717407226562,27.815994262695312,-0.59844970703125
2020-05-04,51013,-11.084327697753906,29.483753204345703,0.66436767578125,0.19196319580078125,13.988861083984375,-1.7977981567382812,14.742202758789062,23.654415130615234,1.5760574340820312
2020-05-05,51013,-18.205833435058594,-7.0388031005859375,-1.4672775268554688,-3.3788070678710938,-6.9102325439453125,1.7550048828125,-0.7930984497070312,15.748245239257812,5.245979309082031
2020-05-06,51013,-0.5868606567382812,17.234085083007812,-0.6893768310546875,-0.1486968994140625,-19.24286651611328,0.8401412963867188,16.309181213378906,45.16726303100586,6.071807861328125
2020-05-07,51013,-4.734283447265625,4.584129333496094,-3.4841079711914062,7.7216949462890625,0.287841796875,4.8345794677734375,0.9478302001953125,45.58826446533203,8.9913330078125
2020-05-08,51013,-11.009262084960938,51.530147552490234,-0.46356964111328125,3.9791259765625,7.9534759521484375,-1.1848068237304688,-9.962348937988281,25.459442138671875,9.160476684570312
2020-05-09,51013,-2.5537261962890625,-9.3299560546875,-4.009521484375,-0.713348388671875,3.5903167724609375,1.8006210327148438,10.965049743652344,41.288414001464844,10.679611206054688
2020-05-10,51013,-9.125877380371094,21.402935028076172,-2.8801956176757812,-6.12652587890625,22.89590835571289,13.201347351074219,17.28594207763672,23.216571807861328,11.174247741699219
2020-05-11,51013,-12.942726135253906,-14.925254821777344,-3.9108734130859375,7.584907531738281,2.4962539672851562,1.028167724609375,26.54940414428711,0.0574798583984375,14.44873046875
2020-05-12,51013,-5.9210357666015625,20.210037231445312,-4.3697509765625,4.860504150390625,9.459182739257812,7.0801239013671875,-6.197235107421875,24.363285064697266,14.915458679199219
2020-05-13,51013,-17.21856689453125,27.38787841796875,-4.232063293457031,2.8277053833007812,-5.897346496582031,7.7138214111328125,-7.544960021972656,32.553009033203125,16.852203369140625
2020-05-14,51013,-7.6689300537109375,56.25123977661133,1.3948593139648438,7.723930358886719,-6.341865539550781,8.621238708496094,-7.323448181152344,17.82257843017578,18.87946319580078
2020-05-15,51013,-9.481925964355469,-24.806381225585938,-4.445549011230469,8.066909790039062,0.47463226318359375,9.799079895019531,-2.2422561645507812,40.295589447021484,21.419403076171875
2020-05-02,51510,-2.6330184936523438,-9.8516845703125,21.308422088623047,-1.171875,-2.687347412109375,-3.3349609375,2.9422378540039062,-1.1023941040039062,3.961639404296875
2020-05-03,51510,-1.9178237915039062,4.2277679443359375,66.57461547851562,1.9317474365234375,10.332481384277344,0.46419525146484375,4.65618896484375,4.266609191894531,-0.7626724243164062
2020-05-04,51510,-1.4272232055664062,-13.525489807128906,-132.90631103515625,-0.6492919921875,14.503814697265625,-2.3095550537109375,12.252296447753906,6.514839172363281,3.4483566284179688
2020-05-05,51510,-0.37640380859375,2.4810409545898438,107.95703887939453,0.8523101806640625,-9.294654846191406,-0.26430511474609375,-1.5907211303710938,4.7926025390625,5.332977294921875
2020-05-06,51510,-1.7272796630859375,10.51226806640625,110.7203369140625,-2.925262451171875,-21.72759246826172,-0.101898193359375,11.148178100585938,8.691665649414062,4.993339538574219
2020-05-07,51510,-0.9802322387695312,7.3756561279296875,-15.28338623046875,6.329254150390625,-0.8970489501953125,4.2502899169921875,2.5343093872070312,2.7812271118164062,9.674179077148438
2020-05-08,51510,-3.0797271728515625,10.027267456054688,133.9610595703125,1.1461563110351562,5.492034912109375,-2.2782821655273438,-6.493812561035156,4.339935302734375,8.024673461914062
2020-05-09,51510,-4.679389953613281,2.83807373046875,0.17822265625,-0.7070159912109375,2.766082763671875,1.1436843872070312,8.446952819824219,8.100540161132812,11.320365905761719
2020-05-10,51510,-2.0456695556640625,-3.6823654174804688,24.473827362060547,-3.9173202514648438,24.1431884765625,11.313285827636719,13.854301452636719,5.3470306396484375,9.352088928222656
2020-05-11,51510,-2.4295578002929688,2.0748138427734375,46.45915603637695,5.845001220703125,1.2212600708007812,0.467742919921875,18.310989379882812,4.6832275390625,15.075965881347656
2020-05-12,51510,-4.480506896972656,-2.7026748657226562,27.481487274169922,2.1493911743164062,8.175559997558594,4.677154541015625,-3.11773681640625,4.8968658447265625,15.1611328125
2020-05-13,51510,-5.379280090332031,-10.058845520019531,-127.40406036376953,2.9639358520507812,-7.821022033691406,8.231185913085938,-5.752418518066406,9.682899475097656,15.211738586425781
2020-05-14,51510,-5.174171447753906,2.0792694091796875,211.2410888671875,6.956443786621094,-10.057533264160156,6.348686218261719,-5.855232238769531,8.340171813964844,20.0782470703125
2020-05-15,51510,-4.21697998046875,-15.978607177734375,24.450828552246094,8.040771484375,-2.67059326171875,8.442672729492188,-2.6197891235351562,9.025260925292969,23.326141357421875
2020-05-02,51540,-1.4384613037109375,-3.0748443603515625,1.8364410400390625,3.181854248046875,-4.551612854003906,-18.66985321044922,-0.1160736083984375,2.916290283203125,3.2386322021484375
2020-05-03,51540,-0.1815185546875,-2.6995010375976562,2.9494400024414062,-9.42718505859375,2.940185546875,-6.6184234619140625,1.4421844482421875,2.5963668823242188,0.7983856201171875
2020-05-04,51540,-3.9557723999023438,-1.8276748657226562,8.398483276367188,-22.047630310058594,-3.957305908203125,12.93048095703125,1.4752273559570312,3.00634765625,1.3047943115234375
2020-05-05,51540,-3.31195068359375,-3.4923248291015625,-9.377372741699219,9.335922241210938,3.267578125,18.129440307617188,-0.8193206787109375,12.20294189453125,4.829917907714844
2020-05-06,51540,1.9511566162109375,-4.514533996582031,7.3871307373046875,18.395282745361328,6.736045837402344,5.086883544921875,3.0215911865234375,0.9925079345703125,7.1858062744140625
2020-05-07,51540,1.745330810546875,-1.7718887329101562,-3.9918212890625,-20.50562286376953,-1.0655517578125,0.2146759033203125,1.347747802734375,-1.1516952514648438,9.813125610351562
2020-05-08,51540,-0.31719970703125,-1.9878692626953125,-11.05859375,-34.87608337402344,-1.5579681396484375,-10.663864135742188,4.7767791748046875,7.318489074707031,8.296073913574219
2020-05-09,51540,-6.971672058105469,-3.674957275390625,9.032249450683594,19.73263168334961,4.072052001953125,8.521102905273438,1.848785400390625,4.797088623046875,11.061531066894531
2020-05-10,51540,-1.6362380981445312,-3.2312774658203125,-20.707748413085938,10.012939453125,3.02777099609375,29.414344787597656,2.8863067626953125,7.78009033203125,10.6978759765625
2020-05-11,51540,-4.356147766113281,-4.0489959716796875,-13.564064025878906,-27.814552307128906,-4.4986724853515625,34.03293228149414,5.799873352050781,10.454132080078125,13.678802490234375
2020-05-12,51540,-2.4574356079101562,-2.4232177734375,-26.460960388183594,-41.03131866455078,-2.55181884765625,-8.51983642578125,1.8816986083984375,7.613037109375,13.273208618164062
2020-05-13,51540,-7.1324462890625,-1.4936904907226562,-4.135551452636719,-3.4947509765625,-5.537879943847656,8.784461975097656,8.3197021484375,2.6079254150390625,13.882987976074219
2020-05-14,51540,-7.899009704589844,-4.002952575683594,-11.970138549804688,-27.194931030273438,1.7669143676757812,28.79672622680664,3.5507965087890625,9.029220581054688,15.614532470703125
2020-05-15,51540,-3.688507080078125,-4.5712432861328125,-6.648857116699219,-5.33551025390625,-0.4908905029296875,22.260704040527344,2.1757659912109375,18.608566284179688,15.931976318359375
2020-05-02,51600,-2.4245147705078125,1.7722549438476562,-44.23643493652344,-2.867950439453125,1.0909194946289062,5.502113342285156,1.8591461181640625,1.4172286987304688,16.544357299804688
2020-05-03,51600,-1.3717269897460938,-2.0061111450195312,-47.46385955810547,2.575531005859375,2.5290756225585938,2.5944747924804688,-5.624237060546875,4.6151123046875,45.2967529296875
2020-05-04,51600,-0.9043655395507812,-1.9372711181640625,-25.01073455810547,-4.2552490234375,3.3913955688476562,1.9039688110351562,2.0303955078125,-1.7044677734375,-9.305435180664062
2020-05-05,51600,0.3654632568359375,-0.8432083129882812,5.9614410400390625,-1.958251953125,2.4491729736328125,1.8717193603515625,1.9175872802734375,21.87982940673828,18.074012756347656
2020-05-06,51600,-1.8968353271484375,-5.096305847167969,-64.0326156616211,-2.9668350219726562,1.9195175170898438,4.244354248046875,3.4307785034179688,-3.5149993896484375,5.7676544189453125
2020-05-07,51600,-0.6345291137695312,-0.1561737060546875,47.74302291870117,8.439208984375,0.21422576904296875,0.07398223876953125,1.9065017700195312,-1.406005859375,21.64984130859375
2020-05-08,51600,-2.815460205078125,0.3447265625,32.04753112792969,2.90875244140625,-0.138702392578125,-2.4099578857421875,5.262001037597656,17.70880126953125,21.368972778320312
2020-05-09,51600,-4.337745666503906,0.8145370483398438,-71.49323272705078,0.02288818359375,-1.4446029663085938,3.2207489013671875,1.3156967163085938,10.217529296875,4.821830749511719
2020-05-10,51600,-1.7855300903320312,-1.9015350341796875,29.891727447509766,-11.328414916992188,4.71038818359375,3.4668960571289062,3.4360275268554688,3.0768051147460938,19.824501037597656
2020-05-11,51600,-2.8929214477539062,0.498291015625,-7.12408447265625,6.441230773925781,-4.413597106933594,1.0063400268554688,12.021926879882812,3.7866134643554688,4.1245574951171875
2020-05-12,51600,-3.6799087524414062,-0.647491455078125,-36.76545715332031,-0.6069259643554688,-0.7977676391601562,4.2545013427734375,-7.690010070800781,4.055793762207031,35.01372146606445
2020-05-13,51600,-4.524177551269531,-4.9615020751953125,-51.27904510498047,0.8584136962890625,-0.92388916015625,2.8595199584960938,-2.4169845581054688,16.2464599609375,42.490570068359375
2020-05-14,51600,-4.789237976074219,-2.1329727172851562,-65.41168975830078,5.6290130615234375,-1.4394302368164062,8.163780212402344,-6.6122283935546875,17.3436279296875,30.60193634033203
2020-05-15,51600,-4.101776123046875,-3.9776535034179688,-22.55229949951172,3.9474868774414062,0.5967254638671875,8.825981140136719,-5.926902770996094,22.31586456298828,6.2501220703125
2020-05-02,51610,-2.2494735717773438,-0.49655914306640625,-30.89006805419922,-2.94232177734375,0.3078155517578125,-1.4191360473632812,3.9296722412109375,3.9424896240234375,15.693458557128906
2020-05-03,51610,-1.3801040649414062,-2.4012374877929688,-38.87657165527344,2.7485198974609375,1.2566604614257812,0.8077850341796875,-9.518035888671875,3.516082763671875,46.81907272338867
2020-05-04,51610,-0.7931365966796875,-0.9091110229492188,-26.62298583984375,-3.4907150268554688,4.052154541015625,-0.6438369750976562,2.31219482421875,2.5894393920898438,-10.614585876464844
2020-05-05,51610,0.6675338745117188,-1.4477767944335938,2.4867935180664062,-1.7585067749023438,1.7659530639648438,1.9577484130859375,-0.7526397705078125,5.489189147949219,16.3492431640625
2020-05-06,51610,-1.9163055419921875,-0.8690643310546875,-45.51587677001953,-2.915924072265625,-0.9311599731445312,1.1935806274414062,3.6613235473632812,3.954437255859375,5.236061096191406
2020-05-07,51610,-0.09288787841796875,-2.5158233642578125,26.81362533569336,8.237922668457031,2.774169921875,4.2813873291015625,3.6022796630859375,3.6496810913085938,20.831382751464844
2020-05-08,51610,-2.9102249145507812,-1.6259689331054688,27.33319091796875,2.6759033203125,1.5899810791015625,-0.73779296875,6.846038818359375,3.4382781982421875,21.46961212158203
2020-05-09,51610,-4.7851715087890625,-1.9367599487304688,-49.42530059814453,-0.4182281494140625,-0.89825439453125,5.2100830078125,0.8414688110351562,6.8059234619140625,5.042755126953125
2020-05-10,51610,-2.4885482788085938,-3.23876953125,18.62561798095703,-9.96783447265625,3.6607894897460938,3.9553909301757812,5.5032958984375,3.2953567504882812,16.85143280029297
2020-05-11,51610,-3.2770309448242188,-3.4360733032226562,-1.6163558959960938,5.761421203613281,0.6782989501953125,8.064666748046875,18.165390014648438,4.524894714355469,3.1470718383789062
2020-05-12,51610,-3.6609420776367188,-1.8038864135742188,-32.82506561279297,-0.44272613525390625,3.897003173828125,1.7773818969726562,-14.899055480957031,5.820701599121094,33.58529281616211
2020-05-13,51610,-5.38128662109375,-0.27710723876953125,-41.14161682128906,0.7057647705078125,0.755279541015625,5.762336730957031,-2.279937744140625,7.1585540771484375,38.2602424621582
2020-05-14,51610,-4.754295349121094,-4.893989562988281,-43.50114440917969,5.571250915527344,0.197235107421875,8.249168395996094,-12.081314086914062,6.102378845214844,30.291545867919922
2020-05-15,51610,-5.100364685058594,-0.16495513916015625,-11.772140502929688,4.265861511230469,2.9377288818359375,8.410377502441406,-9.788703918457031,8.133102416992188,4.1898040771484375
2020-05-02,51683,-1.8162841796875,-1.2902679443359375,2.6265716552734375,-1.53582763671875,0.14112091064453125,0.28185272216796875,-12.33587646484375,-1.8049545288085938,-4.644920349121094
2020-05-03,51683,-0.7201461791992188,-5.15228271484375,7.019798278808594,3.1371917724609375,0.30222320556640625,1.0112228393554688,30.179481506347656,8.501998901367188,57.18561553955078
2020-05-04,51683,-1.1264419555664062,-2.7371902465820312,-5.9428253173828125,-1.9430007934570312,1.7302398681640625,-0.8627853393554688,6.1835784912109375,2.3583526611328125,79.20915985107422
2020-05-05,51683,1.722686767578125,-3.5099105834960938,1.6268310546875,-1.7705001831054688,1.4845428466796875,2.3822174072265625,-7.874488830566406,3.753448486328125,26.618236541748047
2020-05-06,51683,-1.6573562622070312,-2.762420654296875,-4.24554443359375,-2.4199295043945312,1.4556732177734375,1.8557586669921875,37.378482818603516,11.3343505859375,9.069931030273438
2020-05-07,51683,-0.5322723388671875,-5.861396789550781,-0.3321990966796875,5.5610198974609375,3.01092529296875,0.5706558227539062,-4.5670928955078125,8.488258361816406,48.928531646728516
2020-05-08,51683,-2.4417572021484375,-2.0996246337890625,-1.1539306640625,1.4001693725585938,2.8747177124023438,-0.04187774658203125,2.6140594482421875,7.920173645019531,-14.448020935058594
2020-05-09,51683,-4.331817626953125,-1.7859420776367188,-9.297653198242188,-0.25390625,2.4415664672851562,-0.7291412353515625,1.0286178588867188,13.155052185058594,25.804988861083984
2020-05-10,51683,-2.5885467529296875,-6.232032775878906,-16.298110961914062,-7.847190856933594,2.277191162109375,6.266265869140625,-15.526222229003906,5.155525207519531,9.827667236328125
2020-05-11,51683,-2.647979736328125,-8.363136291503906,-16.81421661376953,7.32208251953125,2.5069961547851562,0.3969268798828125,-6.743072509765625,3.663726806640625,21.792499542236328
2020-05-12,51683,-4.4648590087890625,0.6543502807617188,-7.710441589355469,1.3446578979492188,2.457183837890625,2.1491012573242188,-23.011802673339844,11.795669555664062,22.26904296875
2020-05-13,51683,-5.31951904296875,0.6443634033203125,-17.552467346191406,0.9551315307617188,3.6308822631835938,2.8882827758789062,-9.175102233886719,13.545791625976562,16.43584442138672
2020-05-14,51683,-5.476898193359375,-9.659957885742188,-31.579795837402344,5.992462158203125,1.9750289916992188,4.866996765136719,3.0758819580078125,8.48223876953125,26.75676727294922
2020-05-15,51683,-4.5739593505859375,-4.185035705566406,-5.016204833984375,7.80731201171875,5.573448181152344,4.268890380859375,-43.42572021484375,16.52678680419922,35.34617614746094
2020-05-02,51685,-1.8121261596679688,-8.448654174804688,1.3345718383789062,-2.1177978515625,6.125335693359375,4.0029296875,0.6116714477539062,3.0513992309570312,4.126739501953125
2020-05-03,51685,-0.16729736328125,-11.383621215820312,6.328483581542969,0.8576583862304688,7.8363189697265625,2.4269180297851562,2.3038558959960938,5.5254669189453125,50.04495620727539
2020-05-04,51685,-1.021484375,-4.396759033203125,-6.1874237060546875,2.559783935546875,5.266998291015625,3.1901016235351562,0.40676116943359375,2.3214645385742188,57.379051208496094
2020-05-05,51685,1.7359619140625,-4.082794189453125,0.9671630859375,-3.147857666015625,8.589309692382812,1.5744705200195312,-0.40299224853515625,22.32183837890625,-4.2538909912109375
2020-05-06,51685,-2.1010589599609375,0.9206314086914062,-5.299018859863281,-1.1466598510742188,0.0945587158203125,5.06884765625,4.482025146484375,0.17980194091796875,-12.856086730957031
2020-05-07,51685,0.19484710693359375,-5.1313018798828125,-0.8492889404296875,4.565177917480469,-6.605033874511719,2.0062484741210938,0.85845947265625,-2.2637557983398438,41.88471603393555
2020-05-08,51685,-3.7698822021484375,3.4653167724609375,-1.9766998291015625,1.63507080078125,-1.648651123046875,-0.44122314453125,4.002342224121094,17.33716583251953,29.073108673095703
2020-05-09,51685,-4.8488311767578125,-8.633064270019531,-10.505104064941406,-3.5242156982421875,-4.647911071777344,0.60894775390625,-0.5200347900390625,9.870834350585938,14.928054809570312
2020-05-10,51685,-3.2427978515625,-0.4937896728515625,-17.343368530273438,-3.1864166259765625,8.175689697265625,3.8988723754882812,1.2812576293945312,6.3818206787109375,5.322624206542969
2020-05-11,51685,-2.5608291625976562,-12.225799560546875,-18.58660125732422,2.7726898193359375,-8.574569702148438,0.6686325073242188,5.578544616699219,7.815650939941406,22.804752349853516
2020-05-12,51685,-4.9575653076171875,-4.0667266845703125,-10.858940124511719,3.2694168090820312,-5.014167785644531,3.0863418579101562,0.9029312133789062,9.988601684570312,-38.71282958984375
2020-05-13,51685,-7.2825164794921875,-7.176124572753906,-20.3271484375,-3.0299911499023438,-5.013053894042969,1.9342803955078125,2.8712844848632812,17.386032104492188,74.88639068603516
2020-05-14,51685,-6.179710388183594,-10.125701904296875,-34.32659149169922,1.5135040283203125,-10.535758972167969,8.292984008789062,0.04937744140625,21.668865203857422,23.335712432861328
2020-05-15,51685,-5.2000579833984375,-6.513191223144531,-9.506240844726562,1.9282608032226562,-6.0797882080078125,9.790313720703125,1.8247222900390625,27.960739135742188,-30.336563110351562
2020-05-02,51710,-3.9788360595703125,10.04522705078125,-2.741851806640625,0.941925048828125,-32.45796203613281,3.8229904174804688,13.038223266601562,2.9943084716796875,3.30047607421875
2020-05-03,51710,1.7481536865234375,1.8627700805664062,-0.6571884155273438,-14.486434936523438,21.45510482788086,4.053031921386719,31.281753540039062,5.415771484375,0.3505706787109375
2020-05-04,51710,-1.9075469970703125,-9.419273376464844,-2.16668701171875,-38.489349365234375,6.684410095214844,3.4276885986328125,-17.610519409179688,0.021148681640625,2.75067138671875
2020-05-05,51710,2.0266876220703125,1.4978408813476562,-0.6945953369140625,3.6885757446289062,2.6251373291015625,2.2776336669921875,6.543190002441406,25.384078979492188,4.8274383544921875
2020-05-06,51710,-2.8869171142578125,-21.104713439941406,-4.688713073730469,25.438617706298828,-23.296524047851562,5.6412353515625,15.969413757324219,-3.164154052734375,7.187889099121094
2020-05-07,51710,-2.7387771606445312,0.9510574340820312,1.4440536499023438,-29.989341735839844,-3.0500030517578125,2.1207046508789062,15.119636535644531,-1.8313827514648438,8.459846496582031
2020-05-08,51710,-3.3901443481445312,-13.747589111328125,-1.2398605346679688,-44.464027404785156,0.03170013427734375,1.1996383666992188,29.554195404052734,21.274394989013672,9.743865966796875
2020-05-09,51710,-5.23590087890625,0.6056671142578125,-4.5958404541015625,23.168262481689453,23.872135162353516,2.575103759765625,22.84328842163086,11.504676818847656,12.523696899414062
2020-05-10,51710,-2.66265869140625,-7.5392913818359375,-3.2379608154296875,14.325607299804688,-5.0858306884765625,4.24664306640625,-3.7032546997070312,3.3231964111328125,10.978347778320312
2020-05-11,51710,-3.2973709106445312,10.178550720214844,-6.647651672363281,-35.861000061035156,5.280723571777344,1.4854507446289062,48.49775695800781,4.826927185058594,12.693428039550781
2020-05-12,51710,-4.148712158203125,0.6920394897460938,-2.9556198120117188,-43.3536376953125,-6.7624359130859375,4.784034729003906,46.12910461425781,6.035148620605469,12.730026245117188
2020-05-13,51710,-6.4700775146484375,-14.500434875488281,-4.166694641113281,-8.409004211425781,19.91034698486328,4.21722412109375,-97.83353424072266,19.56085968017578,13.699447631835938
2020-05-14,51710,-6.457069396972656,-17.558135986328125,-2.37481689453125,-41.34706115722656,6.029487609863281,8.877029418945312,40.63144302368164,21.002212524414062,15.339797973632812
2020-05-15,51710,-4.318824768066406,-4.1983795166015625,-6.169548034667969,-5.644378662109375,-23.60871124267578,11.304389953613281,-83.56354522705078,24.32333755493164,17.343673706054688
2020-05-02,55079,13.724067687988281,16.89032745361328,12.935592651367188,22.026691436767578,53.6192741394043,32.0368537902832,7.933113098144531,52.99122619628906,75.8523941040039
2020-05-03,55079,14.273231506347656,16.898597717285156,14.490875244140625,36.8403205871582,56.720947265625,48.59822463989258,46.8454704284668,47.359283447265625,99.23971557617188
2020-05-04,55079,36.07124328613281,21.954566955566406,10.076789855957031,63.044151306152344,74.8942642211914,51.4278564453125,36.906211853027344,80.12641143798828,104.99675750732422
2020-05-05,55079,19.662769317626953,19.478843688964844,27.990074157714844,64.02043151855469,67.02072143554688,100.66814422607422,45.52768325805664,91.04985046386719,132.595703125
2020-05-06,55079,38.27833557128906,17.076927185058594,27.614078521728516,81.98950958251953,77.47911834716797,61.409454345703125,83.98237609863281,116.87238311767578,174.69879150390625
2020-05-07,55079,44.16919708251953,42.68080139160156,43.83143997192383,98.08354949951172,116.62440490722656,148.68630981445312,75.45320129394531,134.66156005859375,180.2904815673828
2020-05-08,55079,50.979305267333984,41.843509674072266,42.00006866455078,101.77520751953125,125.405517578125,93.52577209472656,130.68954467773438,169.03297424316406,235.93032836914062
2020-05-09,55079,48.90530776977539,55.30894470214844,36.030601501464844,95.67513275146484,114.3635482788086,147.96630859375,154.90347290039062,161.73463439941406,282.10223388671875
2020-05-10,55079,58.45892333984375,63.412872314453125,42.9395866394043,108.20413970947266,158.7125701904297,110.48014831542969,153.888427734375,197.6290740966797,290.1839294433594
2020-05-11,55079,67.66352844238281,70.13185119628906,54.500694274902344,120.62080383300781,166.37960815429688,172.6881103515625,184.22640991210938,230.47442626953125,313.7393493652344
2020-05-12,55079,74.35982513427734,94.39960479736328,53.81817626953125,134.3327178955078,184.87322998046875,169.75616455078125,217.55935668945312,258.99017333984375,362.2060852050781
2020-05-13,55079,99.0587387084961,86.5617446899414,57.60404586791992,136.45025634765625,221.69271850585938,198.95550537109375,216.1680908203125,259.2918701171875,377.5138854980469
2020-05-14,55079,115.3145980834961,110.86836242675781,69.26934814453125,128.37847900390625,227.61758422851562,224.07516479492188,243.95587158203125,304.8945617675781,414.5151062011719
2020-05-15,55079,123.80715942382812,121.31089782714844,67.35804748535156,134.95907592773438,232.23687744140625,262.7165222167969,287.2553405761719,356.3558044433594,443.8171691894531
